transaction_id,account_id,transaction_date,post_date,amount,principal_amount,interest_amount,status,remaining_balance,description
LOAN_TXN_1000,LOAN_1000,2023-01-02,2023-01-03,1012.8578902896575,810.286312231726,202.5715780579315,COMPLETED,19890.95701840578,Loan payment for LOAN_1000
LOAN_TXN_1001,LOAN_1000,2023-01-31,2023-02-01,1012.8578902896575,810.286312231726,202.5715780579315,COMPLETED,18878.099128116126,Loan payment for LOAN_1000
LOAN_TXN_1002,LOAN_1000,2023-03-05,2023-03-06,1012.8578902896575,810.286312231726,202.5715780579315,COMPLETED,17865.241237826467,Loan payment for LOAN_1000
LOAN_TXN_1003,LOAN_1000,2023-04-03,2023-04-04,1012.8578902896575,810.286312231726,202.5715780579315,COMPLETED,16852.38334753681,Loan payment for LOAN_1000
LOAN_TXN_1004,LOAN_1000,2023-05-01,2023-05-02,1012.8578902896575,810.286312231726,202.5715780579315,COMPLETED,15839.525457247153,Loan payment for LOAN_1000
LOAN_TXN_1005,LOAN_1000,2023-06-01,2023-06-02,1012.8578902896575,810.286312231726,202.5715780579315,COMPLETED,14826.667566957494,Loan payment for LOAN_1000
LOAN_TXN_1006,LOAN_1000,2023-07-01,2023-07-02,1012.8578902896575,810.286312231726,202.5715780579315,COMPLETED,13813.809676667837,Loan payment for LOAN_1000
LOAN_TXN_1007,LOAN_1000,2023-08-01,2023-08-02,1012.8578902896575,810.286312231726,202.5715780579315,COMPLETED,12800.95178637818,Loan payment for LOAN_1000
LOAN_TXN_1008,LOAN_1000,2023-09-02,2023-09-03,1012.8578902896575,810.286312231726,202.5715780579315,COMPLETED,11788.093896088523,Loan payment for LOAN_1000
LOAN_TXN_1009,LOAN_1000,2023-10-02,2023-10-03,1012.8578902896575,810.286312231726,202.5715780579315,COMPLETED,10775.236005798866,Loan payment for LOAN_1000
LOAN_TXN_1010,LOAN_1000,2023-10-31,2023-11-01,1012.8578902896575,810.286312231726,202.5715780579315,COMPLETED,9762.378115509207,Loan payment for LOAN_1000
LOAN_TXN_1011,LOAN_1000,2023-11-27,2023-11-28,1012.8578902896575,810.286312231726,202.5715780579315,COMPLETED,8749.52022521955,Loan payment for LOAN_1000
LOAN_TXN_1012,LOAN_1001,2023-01-05,2023-01-06,6438.85784630331,5151.086277042648,1287.771569260662,COMPLETED,75557.19110763236,Loan payment for LOAN_1001
LOAN_TXN_1013,LOAN_1001,2023-02-03,2023-02-04,6438.85784630331,5151.086277042648,1287.771569260662,COMPLETED,69118.33326132904,Loan payment for LOAN_1001
LOAN_TXN_1014,LOAN_1001,2023-03-05,2023-03-06,6438.85784630331,5151.086277042648,1287.771569260662,COMPLETED,62679.475415025736,Loan payment for LOAN_1001
LOAN_TXN_1015,LOAN_1001,2023-04-01,2023-04-02,6438.85784630331,5151.086277042648,1287.771569260662,COMPLETED,56240.617568722424,Loan payment for LOAN_1001
LOAN_TXN_1016,LOAN_1001,2023-05-04,2023-05-05,6438.85784630331,5151.086277042648,1287.771569260662,COMPLETED,49801.75972241911,Loan payment for LOAN_1001
LOAN_TXN_1017,LOAN_1001,2023-06-04,2023-06-05,6438.85784630331,5151.086277042648,1287.771569260662,COMPLETED,43362.90187611581,Loan payment for LOAN_1001
LOAN_TXN_1018,LOAN_1001,2023-07-01,2023-07-02,6438.85784630331,5151.086277042648,1287.771569260662,COMPLETED,36924.044029812496,Loan payment for LOAN_1001
LOAN_TXN_1019,LOAN_1001,2023-07-30,2023-07-31,6438.85784630331,5151.086277042648,1287.771569260662,COMPLETED,30485.186183509184,Loan payment for LOAN_1001
LOAN_TXN_1020,LOAN_1001,2023-08-29,2023-08-30,6438.85784630331,5151.086277042648,1287.771569260662,COMPLETED,24046.328337205872,Loan payment for LOAN_1001
LOAN_TXN_1021,LOAN_1001,2023-09-28,2023-09-29,6438.85784630331,5151.086277042648,1287.771569260662,COMPLETED,17607.47049090256,Loan payment for LOAN_1001
LOAN_TXN_1022,LOAN_1001,2023-10-31,2023-11-01,6438.85784630331,5151.086277042648,1287.771569260662,COMPLETED,11168.612644599256,Loan payment for LOAN_1001
LOAN_TXN_1023,LOAN_1001,2023-11-30,2023-12-01,6438.85784630331,5151.086277042648,1287.771569260662,COMPLETED,4729.754798295951,Loan payment for LOAN_1001
LOAN_TXN_1024,LOAN_1002,2023-01-04,2023-01-05,7413.157107938711,5930.525686350969,1482.6314215877424,COMPLETED,178866.47392968248,Loan payment for LOAN_1002
LOAN_TXN_1025,LOAN_1002,2023-02-03,2023-02-04,7413.157107938711,5930.525686350969,1482.6314215877424,COMPLETED,171453.3168217438,Loan payment for LOAN_1002
LOAN_TXN_1026,LOAN_1002,2023-03-05,2023-03-06,7413.157107938711,5930.525686350969,1482.6314215877424,COMPLETED,164040.15971380507,Loan payment for LOAN_1002
LOAN_TXN_1027,LOAN_1002,2023-04-05,2023-04-06,7413.157107938711,5930.525686350969,1482.6314215877424,COMPLETED,156627.00260586635,Loan payment for LOAN_1002
LOAN_TXN_1028,LOAN_1002,2023-05-04,2023-05-05,7413.157107938711,5930.525686350969,1482.6314215877424,COMPLETED,149213.84549792766,Loan payment for LOAN_1002
LOAN_TXN_1029,LOAN_1002,2023-06-03,2023-06-04,7413.157107938711,5930.525686350969,1482.6314215877424,COMPLETED,141800.68838998894,Loan payment for LOAN_1002
LOAN_TXN_1030,LOAN_1002,2023-07-01,2023-07-02,7413.157107938711,5930.525686350969,1482.6314215877424,COMPLETED,134387.53128205024,Loan payment for LOAN_1002
LOAN_TXN_1031,LOAN_1002,2023-07-30,2023-07-31,7413.157107938711,5930.525686350969,1482.6314215877424,COMPLETED,126974.37417411152,Loan payment for LOAN_1002
LOAN_TXN_1032,LOAN_1002,2023-08-30,2023-08-31,7413.157107938711,5930.525686350969,1482.6314215877424,COMPLETED,119561.2170661728,Loan payment for LOAN_1002
LOAN_TXN_1033,LOAN_1002,2023-10-02,2023-10-03,7413.157107938711,5930.525686350969,1482.6314215877424,COMPLETED,112148.0599582341,Loan payment for LOAN_1002
LOAN_TXN_1034,LOAN_1002,2023-10-29,2023-10-30,7413.157107938711,5930.525686350969,1482.6314215877424,COMPLETED,104734.90285029539,Loan payment for LOAN_1002
LOAN_TXN_1035,LOAN_1002,2023-11-27,2023-11-28,7413.157107938711,5930.525686350969,1482.6314215877424,COMPLETED,97321.74574235667,Loan payment for LOAN_1002
LOAN_TXN_1036,LOAN_1003,2023-01-03,2023-01-04,6576.5985549784245,5261.27884398274,1315.319710995685,COMPLETED,128054.48588452033,Loan payment for LOAN_1003
LOAN_TXN_1037,LOAN_1003,2023-02-02,2023-02-03,6576.5985549784245,5261.27884398274,1315.319710995685,COMPLETED,121477.8873295419,Loan payment for LOAN_1003
LOAN_TXN_1038,LOAN_1003,2023-03-03,2023-03-04,6576.5985549784245,5261.27884398274,1315.319710995685,COMPLETED,114901.28877456348,Loan payment for LOAN_1003
LOAN_TXN_1039,LOAN_1003,2023-04-04,2023-04-05,6576.5985549784245,5261.27884398274,1315.319710995685,COMPLETED,108324.69021958506,Loan payment for LOAN_1003
LOAN_TXN_1040,LOAN_1003,2023-05-05,2023-05-06,6576.5985549784245,5261.27884398274,1315.319710995685,COMPLETED,101748.09166460662,Loan payment for LOAN_1003
LOAN_TXN_1041,LOAN_1003,2023-06-01,2023-06-02,6576.5985549784245,5261.27884398274,1315.319710995685,COMPLETED,95171.49310962821,Loan payment for LOAN_1003
LOAN_TXN_1042,LOAN_1003,2023-07-04,2023-07-05,6576.5985549784245,5261.27884398274,1315.319710995685,COMPLETED,88594.89455464977,Loan payment for LOAN_1003
LOAN_TXN_1043,LOAN_1003,2023-07-31,2023-08-01,6576.5985549784245,5261.27884398274,1315.319710995685,COMPLETED,82018.29599967136,Loan payment for LOAN_1003
LOAN_TXN_1044,LOAN_1003,2023-08-30,2023-08-31,6576.5985549784245,5261.27884398274,1315.319710995685,COMPLETED,75441.69744469292,Loan payment for LOAN_1003
LOAN_TXN_1045,LOAN_1003,2023-10-01,2023-10-02,6576.5985549784245,5261.27884398274,1315.319710995685,COMPLETED,68865.0988897145,Loan payment for LOAN_1003
LOAN_TXN_1046,LOAN_1003,2023-10-31,2023-11-01,6576.5985549784245,5261.27884398274,1315.319710995685,COMPLETED,62288.500334736076,Loan payment for LOAN_1003
LOAN_TXN_1047,LOAN_1003,2023-11-29,2023-11-30,6576.5985549784245,5261.27884398274,1315.319710995685,COMPLETED,55711.90177975765,Loan payment for LOAN_1003
LOAN_TXN_1048,LOAN_1004,2023-01-03,2023-01-04,1607.1311095092144,1285.7048876073716,321.4262219018429,COMPLETED,1974.9753694165008,Loan payment for LOAN_1004
LOAN_TXN_1049,LOAN_1004,2023-02-03,2023-02-04,1607.1311095092144,1285.7048876073716,321.4262219018429,COMPLETED,367.8442599072864,Loan payment for LOAN_1004
LOAN_TXN_1050,LOAN_1004,2023-03-06,2023-03-07,1607.1311095092144,1285.7048876073716,321.4262219018429,COMPLETED,0.0,Loan payment for LOAN_1004
LOAN_TXN_1051,LOAN_1004,2023-04-04,2023-04-05,1607.1311095092144,1285.7048876073716,321.4262219018429,COMPLETED,0.0,Loan payment for LOAN_1004
LOAN_TXN_1052,LOAN_1004,2023-05-05,2023-05-06,1607.1311095092144,1285.7048876073716,321.4262219018429,COMPLETED,0.0,Loan payment for LOAN_1004
LOAN_TXN_1053,LOAN_1004,2023-06-01,2023-06-02,1607.1311095092144,1285.7048876073716,321.4262219018429,COMPLETED,0.0,Loan payment for LOAN_1004
LOAN_TXN_1054,LOAN_1004,2023-06-30,2023-07-01,1607.1311095092144,1285.7048876073716,321.4262219018429,COMPLETED,0.0,Loan payment for LOAN_1004
LOAN_TXN_1055,LOAN_1004,2023-08-02,2023-08-03,1607.1311095092144,1285.7048876073716,321.4262219018429,COMPLETED,0.0,Loan payment for LOAN_1004
LOAN_TXN_1056,LOAN_1004,2023-09-02,2023-09-03,1607.1311095092144,1285.7048876073716,321.4262219018429,COMPLETED,0.0,Loan payment for LOAN_1004
LOAN_TXN_1057,LOAN_1004,2023-09-29,2023-09-30,1607.1311095092144,1285.7048876073716,321.4262219018429,COMPLETED,0.0,Loan payment for LOAN_1004
LOAN_TXN_1058,LOAN_1004,2023-10-30,2023-10-31,1607.1311095092144,1285.7048876073716,321.4262219018429,COMPLETED,0.0,Loan payment for LOAN_1004
LOAN_TXN_1059,LOAN_1004,2023-11-30,2023-12-01,1607.1311095092144,1285.7048876073716,321.4262219018429,COMPLETED,0.0,Loan payment for LOAN_1004
LOAN_TXN_1060,LOAN_1005,2023-01-02,2023-01-03,1591.3351125430318,1273.0680900344255,318.2670225086064,COMPLETED,8188.566793425954,Loan payment for LOAN_1005
LOAN_TXN_1061,LOAN_1005,2023-01-31,2023-02-01,1591.3351125430318,1273.0680900344255,318.2670225086064,COMPLETED,6597.231680882922,Loan payment for LOAN_1005
LOAN_TXN_1062,LOAN_1005,2023-03-02,2023-03-03,1591.3351125430318,1273.0680900344255,318.2670225086064,COMPLETED,5005.89656833989,Loan payment for LOAN_1005
LOAN_TXN_1063,LOAN_1005,2023-04-03,2023-04-04,1591.3351125430318,1273.0680900344255,318.2670225086064,COMPLETED,3414.5614557968584,Loan payment for LOAN_1005
LOAN_TXN_1064,LOAN_1005,2023-05-03,2023-05-04,1591.3351125430318,1273.0680900344255,318.2670225086064,COMPLETED,1823.2263432538266,Loan payment for LOAN_1005
LOAN_TXN_1065,LOAN_1005,2023-06-04,2023-06-05,1591.3351125430318,1273.0680900344255,318.2670225086064,COMPLETED,231.89123071079484,Loan payment for LOAN_1005
LOAN_TXN_1066,LOAN_1005,2023-07-04,2023-07-05,1591.3351125430318,1273.0680900344255,318.2670225086064,COMPLETED,0.0,Loan payment for LOAN_1005
LOAN_TXN_1067,LOAN_1005,2023-08-03,2023-08-04,1591.3351125430318,1273.0680900344255,318.2670225086064,COMPLETED,0.0,Loan payment for LOAN_1005
LOAN_TXN_1068,LOAN_1005,2023-09-01,2023-09-02,1591.3351125430318,1273.0680900344255,318.2670225086064,COMPLETED,0.0,Loan payment for LOAN_1005
LOAN_TXN_1069,LOAN_1005,2023-09-30,2023-10-01,1591.3351125430318,1273.0680900344255,318.2670225086064,COMPLETED,0.0,Loan payment for LOAN_1005
LOAN_TXN_1070,LOAN_1005,2023-10-29,2023-10-30,1591.3351125430318,1273.0680900344255,318.2670225086064,COMPLETED,0.0,Loan payment for LOAN_1005
LOAN_TXN_1071,LOAN_1005,2023-12-22,2023-12-23,1591.3351125430318,1273.0680900344255,318.2670225086064,LATE,0.0,Loan payment for LOAN_1005
LOAN_TXN_1072,LOAN_1006,2023-01-02,2023-01-03,20570.68915791085,16456.55132632868,4114.13783158217,COMPLETED,189632.30793141256,Loan payment for LOAN_1006
LOAN_TXN_1073,LOAN_1006,2023-02-01,2023-02-02,20570.68915791085,16456.55132632868,4114.13783158217,COMPLETED,169061.61877350172,Loan payment for LOAN_1006
LOAN_TXN_1074,LOAN_1006,2023-03-06,2023-03-07,20570.68915791085,16456.55132632868,4114.13783158217,COMPLETED,148490.92961559087,Loan payment for LOAN_1006
LOAN_TXN_1075,LOAN_1006,2023-04-05,2023-04-06,20570.68915791085,16456.55132632868,4114.13783158217,COMPLETED,127920.24045768002,Loan payment for LOAN_1006
LOAN_TXN_1076,LOAN_1006,2023-05-01,2023-05-02,20570.68915791085,16456.55132632868,4114.13783158217,COMPLETED,107349.55129976917,Loan payment for LOAN_1006
LOAN_TXN_1077,LOAN_1006,2023-06-27,2023-06-28,20570.68915791085,16456.55132632868,4114.13783158217,LATE,86778.86214185832,Loan payment for LOAN_1006
LOAN_TXN_1078,LOAN_1006,2023-07-01,2023-07-02,20570.68915791085,16456.55132632868,4114.13783158217,COMPLETED,66208.17298394747,Loan payment for LOAN_1006
LOAN_TXN_1079,LOAN_1006,2023-08-01,2023-08-02,20570.68915791085,16456.55132632868,4114.13783158217,COMPLETED,45637.48382603662,Loan payment for LOAN_1006
LOAN_TXN_1080,LOAN_1006,2023-08-29,2023-08-30,20570.68915791085,16456.55132632868,4114.13783158217,COMPLETED,25066.794668125774,Loan payment for LOAN_1006
LOAN_TXN_1081,LOAN_1006,2023-09-29,2023-09-30,20570.68915791085,16456.55132632868,4114.13783158217,COMPLETED,4496.105510214926,Loan payment for LOAN_1006
LOAN_TXN_1082,LOAN_1006,2023-10-31,2023-11-01,20570.68915791085,16456.55132632868,4114.13783158217,COMPLETED,0.0,Loan payment for LOAN_1006
LOAN_TXN_1083,LOAN_1006,2023-12-01,2023-12-02,20570.68915791085,16456.55132632868,4114.13783158217,COMPLETED,0.0,Loan payment for LOAN_1006
LOAN_TXN_1084,LOAN_1007,2023-01-04,2023-01-05,959.0098162955144,767.2078530364115,191.80196325910288,COMPLETED,21670.151158094082,Loan payment for LOAN_1007
LOAN_TXN_1085,LOAN_1007,2023-01-31,2023-02-01,959.0098162955144,767.2078530364115,191.80196325910288,COMPLETED,20711.141341798568,Loan payment for LOAN_1007
LOAN_TXN_1086,LOAN_1007,2023-03-02,2023-03-03,959.0098162955144,767.2078530364115,191.80196325910288,COMPLETED,19752.131525503053,Loan payment for LOAN_1007
LOAN_TXN_1087,LOAN_1007,2023-04-02,2023-04-03,959.0098162955144,767.2078530364115,191.80196325910288,COMPLETED,18793.12170920754,Loan payment for LOAN_1007
LOAN_TXN_1088,LOAN_1007,2023-05-01,2023-05-02,959.0098162955144,767.2078530364115,191.80196325910288,COMPLETED,17834.111892912024,Loan payment for LOAN_1007
LOAN_TXN_1089,LOAN_1007,2023-06-01,2023-06-02,959.0098162955144,767.2078530364115,191.80196325910288,COMPLETED,16875.10207661651,Loan payment for LOAN_1007
LOAN_TXN_1090,LOAN_1007,2023-07-02,2023-07-03,959.0098162955144,767.2078530364115,191.80196325910288,COMPLETED,15916.092260320997,Loan payment for LOAN_1007
LOAN_TXN_1091,LOAN_1007,2023-08-02,2023-08-03,959.0098162955144,767.2078530364115,191.80196325910288,COMPLETED,14957.082444025482,Loan payment for LOAN_1007
LOAN_TXN_1092,LOAN_1007,2023-09-01,2023-09-02,959.0098162955144,767.2078530364115,191.80196325910288,COMPLETED,13998.072627729967,Loan payment for LOAN_1007
LOAN_TXN_1093,LOAN_1007,2023-09-28,2023-09-29,959.0098162955144,767.2078530364115,191.80196325910288,COMPLETED,13039.062811434453,Loan payment for LOAN_1007
LOAN_TXN_1094,LOAN_1007,2023-10-28,2023-10-29,959.0098162955144,767.2078530364115,191.80196325910288,COMPLETED,12080.052995138938,Loan payment for LOAN_1007
LOAN_TXN_1095,LOAN_1007,2023-11-29,2023-11-30,959.0098162955144,767.2078530364115,191.80196325910288,COMPLETED,11121.043178843425,Loan payment for LOAN_1007
LOAN_TXN_1096,LOAN_1008,2023-01-01,2023-01-02,323.97784335483954,259.18227468387164,64.79556867096791,COMPLETED,4018.7320596861323,Loan payment for LOAN_1008
LOAN_TXN_1097,LOAN_1008,2023-01-31,2023-02-01,323.97784335483954,259.18227468387164,64.79556867096791,COMPLETED,3694.754216331293,Loan payment for LOAN_1008
LOAN_TXN_1098,LOAN_1008,2023-03-05,2023-03-06,323.97784335483954,259.18227468387164,64.79556867096791,COMPLETED,3370.776372976453,Loan payment for LOAN_1008
LOAN_TXN_1099,LOAN_1008,2023-04-02,2023-04-03,323.97784335483954,259.18227468387164,64.79556867096791,COMPLETED,3046.798529621614,Loan payment for LOAN_1008
LOAN_TXN_1100,LOAN_1008,2023-05-04,2023-05-05,323.97784335483954,259.18227468387164,64.79556867096791,COMPLETED,2722.820686266774,Loan payment for LOAN_1008
LOAN_TXN_1101,LOAN_1008,2023-06-01,2023-06-02,323.97784335483954,259.18227468387164,64.79556867096791,COMPLETED,2398.8428429119344,Loan payment for LOAN_1008
LOAN_TXN_1102,LOAN_1008,2023-06-30,2023-07-01,323.97784335483954,259.18227468387164,64.79556867096791,COMPLETED,2074.864999557095,Loan payment for LOAN_1008
LOAN_TXN_1103,LOAN_1008,2023-08-09,2023-08-10,323.97784335483954,259.18227468387164,64.79556867096791,LATE,1750.8871562022555,Loan payment for LOAN_1008
LOAN_TXN_1104,LOAN_1008,2023-08-31,2023-09-01,323.97784335483954,259.18227468387164,64.79556867096791,COMPLETED,1426.909312847416,Loan payment for LOAN_1008
LOAN_TXN_1105,LOAN_1008,2023-10-01,2023-10-02,323.97784335483954,259.18227468387164,64.79556867096791,COMPLETED,1102.9314694925765,Loan payment for LOAN_1008
LOAN_TXN_1106,LOAN_1008,2023-11-01,2023-11-02,323.97784335483954,259.18227468387164,64.79556867096791,COMPLETED,778.953626137737,Loan payment for LOAN_1008
LOAN_TXN_1107,LOAN_1008,2023-11-28,2023-11-29,323.97784335483954,259.18227468387164,64.79556867096791,COMPLETED,454.9757827828971,Loan payment for LOAN_1008
LOAN_TXN_1108,LOAN_1009,2023-01-02,2023-01-03,972.9004110341909,778.3203288273528,194.5800822068382,COMPLETED,43684.59116639443,Loan payment for LOAN_1009
LOAN_TXN_1109,LOAN_1009,2023-02-01,2023-02-02,972.9004110341909,778.3203288273528,194.5800822068382,COMPLETED,42711.690755360236,Loan payment for LOAN_1009
LOAN_TXN_1110,LOAN_1009,2023-03-03,2023-03-04,972.9004110341909,778.3203288273528,194.5800822068382,COMPLETED,41738.790344326044,Loan payment for LOAN_1009
LOAN_TXN_1111,LOAN_1009,2023-04-05,2023-04-06,972.9004110341909,778.3203288273528,194.5800822068382,COMPLETED,40765.88993329186,Loan payment for LOAN_1009
LOAN_TXN_1112,LOAN_1009,2023-05-04,2023-05-05,972.9004110341909,778.3203288273528,194.5800822068382,COMPLETED,39792.98952225767,Loan payment for LOAN_1009
LOAN_TXN_1113,LOAN_1009,2023-06-03,2023-06-04,972.9004110341909,778.3203288273528,194.5800822068382,COMPLETED,38820.089111223475,Loan payment for LOAN_1009
LOAN_TXN_1114,LOAN_1009,2023-07-02,2023-07-03,972.9004110341909,778.3203288273528,194.5800822068382,COMPLETED,37847.18870018928,Loan payment for LOAN_1009
LOAN_TXN_1115,LOAN_1009,2023-08-01,2023-08-02,972.9004110341909,778.3203288273528,194.5800822068382,COMPLETED,36874.28828915509,Loan payment for LOAN_1009
LOAN_TXN_1116,LOAN_1009,2023-08-30,2023-08-31,972.9004110341909,778.3203288273528,194.5800822068382,COMPLETED,35901.387878120906,Loan payment for LOAN_1009
LOAN_TXN_1117,LOAN_1009,2023-09-29,2023-09-30,972.9004110341909,778.3203288273528,194.5800822068382,COMPLETED,34928.487467086714,Loan payment for LOAN_1009
LOAN_TXN_1118,LOAN_1009,2023-10-30,2023-10-31,972.9004110341909,778.3203288273528,194.5800822068382,COMPLETED,33955.58705605252,Loan payment for LOAN_1009
LOAN_TXN_1119,LOAN_1009,2023-11-28,2023-11-29,972.9004110341909,778.3203288273528,194.5800822068382,COMPLETED,32982.68664501833,Loan payment for LOAN_1009
LOAN_TXN_1120,LOAN_1010,2023-01-05,2023-01-06,7165.307730836674,5732.2461846693395,1433.0615461673349,COMPLETED,43178.032424513294,Loan payment for LOAN_1010
LOAN_TXN_1121,LOAN_1010,2023-02-03,2023-02-04,7165.307730836674,5732.2461846693395,1433.0615461673349,COMPLETED,36012.724693676624,Loan payment for LOAN_1010
LOAN_TXN_1122,LOAN_1010,2023-03-03,2023-03-04,7165.307730836674,5732.2461846693395,1433.0615461673349,COMPLETED,28847.41696283995,Loan payment for LOAN_1010
LOAN_TXN_1123,LOAN_1010,2023-04-05,2023-04-06,7165.307730836674,5732.2461846693395,1433.0615461673349,COMPLETED,21682.109232003277,Loan payment for LOAN_1010
LOAN_TXN_1124,LOAN_1010,2023-05-03,2023-05-04,7165.307730836674,5732.2461846693395,1433.0615461673349,COMPLETED,14516.8015011666,Loan payment for LOAN_1010
LOAN_TXN_1125,LOAN_1010,2023-06-02,2023-06-03,7165.307730836674,5732.2461846693395,1433.0615461673349,COMPLETED,7351.493770329929,Loan payment for LOAN_1010
LOAN_TXN_1126,LOAN_1010,2023-07-03,2023-07-04,7165.307730836674,5732.2461846693395,1433.0615461673349,COMPLETED,186.18603949325916,Loan payment for LOAN_1010
LOAN_TXN_1127,LOAN_1010,2023-08-01,2023-08-02,7165.307730836674,5732.2461846693395,1433.0615461673349,COMPLETED,0.0,Loan payment for LOAN_1010
LOAN_TXN_1128,LOAN_1010,2023-09-02,2023-09-03,7165.307730836674,5732.2461846693395,1433.0615461673349,COMPLETED,0.0,Loan payment for LOAN_1010
LOAN_TXN_1129,LOAN_1010,2023-09-28,2023-09-29,7165.307730836674,5732.2461846693395,1433.0615461673349,COMPLETED,0.0,Loan payment for LOAN_1010
LOAN_TXN_1130,LOAN_1010,2023-10-28,2023-10-29,7165.307730836674,5732.2461846693395,1433.0615461673349,COMPLETED,0.0,Loan payment for LOAN_1010
LOAN_TXN_1131,LOAN_1010,2023-11-27,2023-11-28,7165.307730836674,5732.2461846693395,1433.0615461673349,COMPLETED,0.0,Loan payment for LOAN_1010
LOAN_TXN_1132,LOAN_1011,2023-01-01,2023-01-02,2225.053673663345,1780.042938930676,445.010734732669,COMPLETED,36173.907865268215,Loan payment for LOAN_1011
LOAN_TXN_1133,LOAN_1011,2023-02-03,2023-02-04,2225.053673663345,1780.042938930676,445.010734732669,COMPLETED,33948.85419160487,Loan payment for LOAN_1011
LOAN_TXN_1134,LOAN_1011,2023-03-05,2023-03-06,2225.053673663345,1780.042938930676,445.010734732669,COMPLETED,31723.800517941523,Loan payment for LOAN_1011
LOAN_TXN_1135,LOAN_1011,2023-04-01,2023-04-02,2225.053673663345,1780.042938930676,445.010734732669,COMPLETED,29498.74684427818,Loan payment for LOAN_1011
LOAN_TXN_1136,LOAN_1011,2023-05-02,2023-05-03,2225.053673663345,1780.042938930676,445.010734732669,COMPLETED,27273.693170614835,Loan payment for LOAN_1011
LOAN_TXN_1137,LOAN_1011,2023-05-31,2023-06-01,2225.053673663345,1780.042938930676,445.010734732669,COMPLETED,25048.639496951488,Loan payment for LOAN_1011
LOAN_TXN_1138,LOAN_1011,2023-06-30,2023-07-01,2225.053673663345,1780.042938930676,445.010734732669,COMPLETED,22823.585823288144,Loan payment for LOAN_1011
LOAN_TXN_1139,LOAN_1011,2023-08-03,2023-08-04,2225.053673663345,1780.042938930676,445.010734732669,COMPLETED,20598.5321496248,Loan payment for LOAN_1011
LOAN_TXN_1140,LOAN_1011,2023-08-30,2023-08-31,2225.053673663345,1780.042938930676,445.010734732669,COMPLETED,18373.478475961456,Loan payment for LOAN_1011
LOAN_TXN_1141,LOAN_1011,2023-09-30,2023-10-01,2225.053673663345,1780.042938930676,445.010734732669,COMPLETED,16148.424802298112,Loan payment for LOAN_1011
LOAN_TXN_1142,LOAN_1011,2023-10-30,2023-10-31,2225.053673663345,1780.042938930676,445.010734732669,COMPLETED,13923.371128634764,Loan payment for LOAN_1011
LOAN_TXN_1143,LOAN_1011,2023-11-27,2023-11-28,2225.053673663345,1780.042938930676,445.010734732669,COMPLETED,11698.31745497142,Loan payment for LOAN_1011
LOAN_TXN_1144,LOAN_1012,2023-01-03,2023-01-04,3708.771711634966,2967.017369307973,741.7543423269932,COMPLETED,78019.63792469745,Loan payment for LOAN_1012
LOAN_TXN_1145,LOAN_1012,2023-02-04,2023-02-05,3708.771711634966,2967.017369307973,741.7543423269932,COMPLETED,74310.86621306249,Loan payment for LOAN_1012
LOAN_TXN_1146,LOAN_1012,2023-03-06,2023-03-07,3708.771711634966,2967.017369307973,741.7543423269932,COMPLETED,70602.09450142752,Loan payment for LOAN_1012
LOAN_TXN_1147,LOAN_1012,2023-04-20,2023-04-21,3708.771711634966,2967.017369307973,741.7543423269932,LATE,66893.32278979255,Loan payment for LOAN_1012
LOAN_TXN_1148,LOAN_1012,2023-05-02,2023-05-03,3708.771711634966,2967.017369307973,741.7543423269932,COMPLETED,63184.55107815759,Loan payment for LOAN_1012
LOAN_TXN_1149,LOAN_1012,2023-06-01,2023-06-02,3708.771711634966,2967.017369307973,741.7543423269932,COMPLETED,59475.77936652263,Loan payment for LOAN_1012
LOAN_TXN_1150,LOAN_1012,2023-07-02,2023-07-03,3708.771711634966,2967.017369307973,741.7543423269932,COMPLETED,55767.00765488766,Loan payment for LOAN_1012
LOAN_TXN_1151,LOAN_1012,2023-07-30,2023-07-31,3708.771711634966,2967.017369307973,741.7543423269932,COMPLETED,52058.235943252694,Loan payment for LOAN_1012
LOAN_TXN_1152,LOAN_1012,2023-08-30,2023-08-31,3708.771711634966,2967.017369307973,741.7543423269932,COMPLETED,48349.46423161773,Loan payment for LOAN_1012
LOAN_TXN_1153,LOAN_1012,2023-10-02,2023-10-03,3708.771711634966,2967.017369307973,741.7543423269932,COMPLETED,44640.69251998276,Loan payment for LOAN_1012
LOAN_TXN_1154,LOAN_1012,2023-11-01,2023-11-02,3708.771711634966,2967.017369307973,741.7543423269932,COMPLETED,40931.92080834779,Loan payment for LOAN_1012
LOAN_TXN_1155,LOAN_1012,2023-11-27,2023-11-28,3708.771711634966,2967.017369307973,741.7543423269932,COMPLETED,37223.149096712834,Loan payment for LOAN_1012
LOAN_TXN_1156,LOAN_1013,2023-01-02,2023-01-03,2349.6379117556016,1879.7103294044814,469.92758235112035,COMPLETED,16396.771797308713,Loan payment for LOAN_1013
LOAN_TXN_1157,LOAN_1013,2023-02-02,2023-02-03,2349.6379117556016,1879.7103294044814,469.92758235112035,COMPLETED,14047.133885553112,Loan payment for LOAN_1013
LOAN_TXN_1158,LOAN_1013,2023-03-06,2023-03-07,2349.6379117556016,1879.7103294044814,469.92758235112035,COMPLETED,11697.495973797511,Loan payment for LOAN_1013
LOAN_TXN_1159,LOAN_1013,2023-04-02,2023-04-03,2349.6379117556016,1879.7103294044814,469.92758235112035,COMPLETED,9347.858062041909,Loan payment for LOAN_1013
LOAN_TXN_1160,LOAN_1013,2023-05-05,2023-05-06,2349.6379117556016,1879.7103294044814,469.92758235112035,COMPLETED,6998.220150286306,Loan payment for LOAN_1013
LOAN_TXN_1161,LOAN_1013,2023-06-03,2023-06-04,2349.6379117556016,1879.7103294044814,469.92758235112035,COMPLETED,4648.582238530706,Loan payment for LOAN_1013
LOAN_TXN_1162,LOAN_1013,2023-07-01,2023-07-02,2349.6379117556016,1879.7103294044814,469.92758235112035,COMPLETED,2298.944326775105,Loan payment for LOAN_1013
LOAN_TXN_1163,LOAN_1013,2023-07-31,2023-08-01,2349.6379117556016,1879.7103294044814,469.92758235112035,COMPLETED,0.0,Loan payment for LOAN_1013
LOAN_TXN_1164,LOAN_1013,2023-09-01,2023-09-02,2349.6379117556016,1879.7103294044814,469.92758235112035,COMPLETED,0.0,Loan payment for LOAN_1013
LOAN_TXN_1165,LOAN_1013,2023-10-02,2023-10-03,2349.6379117556016,1879.7103294044814,469.92758235112035,COMPLETED,0.0,Loan payment for LOAN_1013
LOAN_TXN_1166,LOAN_1013,2023-11-01,2023-11-02,2349.6379117556016,1879.7103294044814,469.92758235112035,COMPLETED,0.0,Loan payment for LOAN_1013
LOAN_TXN_1167,LOAN_1013,2023-12-01,2023-12-02,2349.6379117556016,1879.7103294044814,469.92758235112035,COMPLETED,0.0,Loan payment for LOAN_1013
LOAN_TXN_1168,LOAN_1014,2023-01-05,2023-01-06,895.2677731926043,716.2142185540835,179.05355463852086,COMPLETED,5059.827109949849,Loan payment for LOAN_1014
LOAN_TXN_1169,LOAN_1014,2023-02-02,2023-02-03,895.2677731926043,716.2142185540835,179.05355463852086,COMPLETED,4164.559336757245,Loan payment for LOAN_1014
LOAN_TXN_1170,LOAN_1014,2023-03-04,2023-03-05,895.2677731926043,716.2142185540835,179.05355463852086,COMPLETED,3269.29156356464,Loan payment for LOAN_1014
LOAN_TXN_1171,LOAN_1014,2023-04-04,2023-04-05,895.2677731926043,716.2142185540835,179.05355463852086,COMPLETED,2374.023790372036,Loan payment for LOAN_1014
LOAN_TXN_1172,LOAN_1014,2023-05-05,2023-05-06,895.2677731926043,716.2142185540835,179.05355463852086,COMPLETED,1478.7560171794312,Loan payment for LOAN_1014
LOAN_TXN_1173,LOAN_1014,2023-06-15,2023-06-16,895.2677731926043,716.2142185540835,179.05355463852086,LATE,583.488243986827,Loan payment for LOAN_1014
LOAN_TXN_1174,LOAN_1014,2023-07-02,2023-07-03,895.2677731926043,716.2142185540835,179.05355463852086,COMPLETED,0.0,Loan payment for LOAN_1014
LOAN_TXN_1175,LOAN_1014,2023-07-31,2023-08-01,895.2677731926043,716.2142185540835,179.05355463852086,COMPLETED,0.0,Loan payment for LOAN_1014
LOAN_TXN_1176,LOAN_1014,2023-09-01,2023-09-02,895.2677731926043,716.2142185540835,179.05355463852086,COMPLETED,0.0,Loan payment for LOAN_1014
LOAN_TXN_1177,LOAN_1014,2023-10-01,2023-10-02,895.2677731926043,716.2142185540835,179.05355463852086,COMPLETED,0.0,Loan payment for LOAN_1014
LOAN_TXN_1178,LOAN_1014,2023-10-28,2023-10-29,895.2677731926043,716.2142185540835,179.05355463852086,COMPLETED,0.0,Loan payment for LOAN_1014
LOAN_TXN_1179,LOAN_1014,2023-11-30,2023-12-01,895.2677731926043,716.2142185540835,179.05355463852086,COMPLETED,0.0,Loan payment for LOAN_1014
LOAN_TXN_1180,LOAN_1015,2023-01-04,2023-01-05,1315.487697361264,1052.3901578890113,263.09753947225283,COMPLETED,9406.264376409366,Loan payment for LOAN_1015
LOAN_TXN_1181,LOAN_1015,2023-01-31,2023-02-01,1315.487697361264,1052.3901578890113,263.09753947225283,COMPLETED,8090.776679048103,Loan payment for LOAN_1015
LOAN_TXN_1182,LOAN_1015,2023-03-03,2023-03-04,1315.487697361264,1052.3901578890113,263.09753947225283,COMPLETED,6775.288981686839,Loan payment for LOAN_1015
LOAN_TXN_1183,LOAN_1015,2023-04-01,2023-04-02,1315.487697361264,1052.3901578890113,263.09753947225283,COMPLETED,5459.801284325575,Loan payment for LOAN_1015
LOAN_TXN_1184,LOAN_1015,2023-05-03,2023-05-04,1315.487697361264,1052.3901578890113,263.09753947225283,COMPLETED,4144.31358696431,Loan payment for LOAN_1015
LOAN_TXN_1185,LOAN_1015,2023-06-01,2023-06-02,1315.487697361264,1052.3901578890113,263.09753947225283,COMPLETED,2828.8258896030466,Loan payment for LOAN_1015
LOAN_TXN_1186,LOAN_1015,2023-07-04,2023-07-05,1315.487697361264,1052.3901578890113,263.09753947225283,COMPLETED,1513.338192241783,Loan payment for LOAN_1015
LOAN_TXN_1187,LOAN_1015,2023-08-02,2023-08-03,1315.487697361264,1052.3901578890113,263.09753947225283,COMPLETED,197.85049488051845,Loan payment for LOAN_1015
LOAN_TXN_1188,LOAN_1015,2023-08-30,2023-08-31,1315.487697361264,1052.3901578890113,263.09753947225283,COMPLETED,0.0,Loan payment for LOAN_1015
LOAN_TXN_1189,LOAN_1015,2023-09-30,2023-10-01,1315.487697361264,1052.3901578890113,263.09753947225283,COMPLETED,0.0,Loan payment for LOAN_1015
LOAN_TXN_1190,LOAN_1015,2023-10-30,2023-10-31,1315.487697361264,1052.3901578890113,263.09753947225283,COMPLETED,0.0,Loan payment for LOAN_1015
LOAN_TXN_1191,LOAN_1015,2023-11-30,2023-12-01,1315.487697361264,1052.3901578890113,263.09753947225283,COMPLETED,0.0,Loan payment for LOAN_1015
LOAN_TXN_1192,LOAN_1016,2023-01-05,2023-01-06,1241.1299890607597,992.9039912486078,248.22599781215195,COMPLETED,19540.63332439795,Loan payment for LOAN_1016
LOAN_TXN_1193,LOAN_1016,2023-01-31,2023-02-01,1241.1299890607597,992.9039912486078,248.22599781215195,COMPLETED,18299.50333533719,Loan payment for LOAN_1016
LOAN_TXN_1194,LOAN_1016,2023-03-04,2023-03-05,1241.1299890607597,992.9039912486078,248.22599781215195,COMPLETED,17058.37334627643,Loan payment for LOAN_1016
LOAN_TXN_1195,LOAN_1016,2023-04-02,2023-04-03,1241.1299890607597,992.9039912486078,248.22599781215195,COMPLETED,15817.24335721567,Loan payment for LOAN_1016
LOAN_TXN_1196,LOAN_1016,2023-05-03,2023-05-04,1241.1299890607597,992.9039912486078,248.22599781215195,COMPLETED,14576.11336815491,Loan payment for LOAN_1016
LOAN_TXN_1197,LOAN_1016,2023-05-31,2023-06-01,1241.1299890607597,992.9039912486078,248.22599781215195,COMPLETED,13334.98337909415,Loan payment for LOAN_1016
LOAN_TXN_1198,LOAN_1016,2023-06-30,2023-07-01,1241.1299890607597,992.9039912486078,248.22599781215195,COMPLETED,12093.85339003339,Loan payment for LOAN_1016
LOAN_TXN_1199,LOAN_1016,2023-07-31,2023-08-01,1241.1299890607597,992.9039912486078,248.22599781215195,COMPLETED,10852.72340097263,Loan payment for LOAN_1016
LOAN_TXN_1200,LOAN_1016,2023-08-29,2023-08-30,1241.1299890607597,992.9039912486078,248.22599781215195,COMPLETED,9611.593411911872,Loan payment for LOAN_1016
LOAN_TXN_1201,LOAN_1016,2023-10-01,2023-10-02,1241.1299890607597,992.9039912486078,248.22599781215195,COMPLETED,8370.463422851111,Loan payment for LOAN_1016
LOAN_TXN_1202,LOAN_1016,2023-10-30,2023-10-31,1241.1299890607597,992.9039912486078,248.22599781215195,COMPLETED,7129.333433790351,Loan payment for LOAN_1016
LOAN_TXN_1203,LOAN_1016,2023-11-30,2023-12-01,1241.1299890607597,992.9039912486078,248.22599781215195,COMPLETED,5888.203444729592,Loan payment for LOAN_1016
LOAN_TXN_1204,LOAN_1017,2023-01-02,2023-01-03,2082.2105723382497,1665.7684578705998,416.44211446764996,COMPLETED,75784.81620611812,Loan payment for LOAN_1017
LOAN_TXN_1205,LOAN_1017,2023-02-03,2023-02-04,2082.2105723382497,1665.7684578705998,416.44211446764996,COMPLETED,73702.60563377988,Loan payment for LOAN_1017
LOAN_TXN_1206,LOAN_1017,2023-03-29,2023-03-30,2082.2105723382497,1665.7684578705998,416.44211446764996,LATE,71620.39506144162,Loan payment for LOAN_1017
LOAN_TXN_1207,LOAN_1017,2023-04-05,2023-04-06,2082.2105723382497,1665.7684578705998,416.44211446764996,COMPLETED,69538.18448910338,Loan payment for LOAN_1017
LOAN_TXN_1208,LOAN_1017,2023-05-04,2023-05-05,2082.2105723382497,1665.7684578705998,416.44211446764996,COMPLETED,67455.97391676513,Loan payment for LOAN_1017
LOAN_TXN_1209,LOAN_1017,2023-06-01,2023-06-02,2082.2105723382497,1665.7684578705998,416.44211446764996,COMPLETED,65373.76334442688,Loan payment for LOAN_1017
LOAN_TXN_1210,LOAN_1017,2023-07-02,2023-07-03,2082.2105723382497,1665.7684578705998,416.44211446764996,COMPLETED,63291.55277208863,Loan payment for LOAN_1017
LOAN_TXN_1211,LOAN_1017,2023-08-03,2023-08-04,2082.2105723382497,1665.7684578705998,416.44211446764996,COMPLETED,61209.342199750376,Loan payment for LOAN_1017
LOAN_TXN_1212,LOAN_1017,2023-09-02,2023-09-03,2082.2105723382497,1665.7684578705998,416.44211446764996,COMPLETED,59127.131627412135,Loan payment for LOAN_1017
LOAN_TXN_1213,LOAN_1017,2023-09-30,2023-10-01,2082.2105723382497,1665.7684578705998,416.44211446764996,COMPLETED,57044.92105507388,Loan payment for LOAN_1017
LOAN_TXN_1214,LOAN_1017,2023-11-01,2023-11-02,2082.2105723382497,1665.7684578705998,416.44211446764996,COMPLETED,54962.71048273563,Loan payment for LOAN_1017
LOAN_TXN_1215,LOAN_1017,2023-11-28,2023-11-29,2082.2105723382497,1665.7684578705998,416.44211446764996,COMPLETED,52880.49991039738,Loan payment for LOAN_1017
LOAN_TXN_1216,LOAN_1018,2023-01-20,2023-01-21,2205.8866812141805,1764.7093449713445,441.17733624283613,LATE,28530.144459551877,Loan payment for LOAN_1018
LOAN_TXN_1217,LOAN_1018,2023-02-04,2023-02-05,2205.8866812141805,1764.7093449713445,441.17733624283613,COMPLETED,26324.257778337695,Loan payment for LOAN_1018
LOAN_TXN_1218,LOAN_1018,2023-03-03,2023-03-04,2205.8866812141805,1764.7093449713445,441.17733624283613,COMPLETED,24118.371097123512,Loan payment for LOAN_1018
LOAN_TXN_1219,LOAN_1018,2023-04-24,2023-04-25,2205.8866812141805,1764.7093449713445,441.17733624283613,LATE,21912.484415909334,Loan payment for LOAN_1018
LOAN_TXN_1220,LOAN_1018,2023-05-02,2023-05-03,2205.8866812141805,1764.7093449713445,441.17733624283613,COMPLETED,19706.597734695155,Loan payment for LOAN_1018
LOAN_TXN_1221,LOAN_1018,2023-06-04,2023-06-05,2205.8866812141805,1764.7093449713445,441.17733624283613,COMPLETED,17500.711053480973,Loan payment for LOAN_1018
LOAN_TXN_1222,LOAN_1018,2023-07-03,2023-07-04,2205.8866812141805,1764.7093449713445,441.17733624283613,COMPLETED,15294.824372266792,Loan payment for LOAN_1018
LOAN_TXN_1223,LOAN_1018,2023-08-02,2023-08-03,2205.8866812141805,1764.7093449713445,441.17733624283613,COMPLETED,13088.937691052612,Loan payment for LOAN_1018
LOAN_TXN_1224,LOAN_1018,2023-08-29,2023-08-30,2205.8866812141805,1764.7093449713445,441.17733624283613,COMPLETED,10883.051009838433,Loan payment for LOAN_1018
LOAN_TXN_1225,LOAN_1018,2023-09-30,2023-10-01,2205.8866812141805,1764.7093449713445,441.17733624283613,COMPLETED,8677.16432862425,Loan payment for LOAN_1018
LOAN_TXN_1226,LOAN_1018,2023-10-29,2023-10-30,2205.8866812141805,1764.7093449713445,441.17733624283613,COMPLETED,6471.277647410068,Loan payment for LOAN_1018
LOAN_TXN_1227,LOAN_1018,2023-11-28,2023-11-29,2205.8866812141805,1764.7093449713445,441.17733624283613,COMPLETED,4265.39096619589,Loan payment for LOAN_1018
LOAN_TXN_1228,LOAN_1019,2023-01-02,2023-01-03,7197.025062142454,5757.620049713963,1439.4050124284909,COMPLETED,151376.8996518753,Loan payment for LOAN_1019
LOAN_TXN_1229,LOAN_1019,2023-02-04,2023-02-05,7197.025062142454,5757.620049713963,1439.4050124284909,COMPLETED,144179.87458973288,Loan payment for LOAN_1019
LOAN_TXN_1230,LOAN_1019,2023-03-03,2023-03-04,7197.025062142454,5757.620049713963,1439.4050124284909,COMPLETED,136982.8495275904,Loan payment for LOAN_1019
LOAN_TXN_1231,LOAN_1019,2023-04-02,2023-04-03,7197.025062142454,5757.620049713963,1439.4050124284909,COMPLETED,129785.82446544796,Loan payment for LOAN_1019
LOAN_TXN_1232,LOAN_1019,2023-05-04,2023-05-05,7197.025062142454,5757.620049713963,1439.4050124284909,COMPLETED,122588.79940330551,Loan payment for LOAN_1019
LOAN_TXN_1233,LOAN_1019,2023-05-31,2023-06-01,7197.025062142454,5757.620049713963,1439.4050124284909,COMPLETED,115391.77434116305,Loan payment for LOAN_1019
LOAN_TXN_1234,LOAN_1019,2023-06-30,2023-07-01,7197.025062142454,5757.620049713963,1439.4050124284909,COMPLETED,108194.7492790206,Loan payment for LOAN_1019
LOAN_TXN_1235,LOAN_1019,2023-08-16,2023-08-17,7197.025062142454,5757.620049713963,1439.4050124284909,LATE,100997.72421687815,Loan payment for LOAN_1019
LOAN_TXN_1236,LOAN_1019,2023-08-30,2023-08-31,7197.025062142454,5757.620049713963,1439.4050124284909,COMPLETED,93800.69915473569,Loan payment for LOAN_1019
LOAN_TXN_1237,LOAN_1019,2023-09-30,2023-10-01,7197.025062142454,5757.620049713963,1439.4050124284909,COMPLETED,86603.67409259324,Loan payment for LOAN_1019
LOAN_TXN_1238,LOAN_1019,2023-10-30,2023-10-31,7197.025062142454,5757.620049713963,1439.4050124284909,COMPLETED,79406.64903045079,Loan payment for LOAN_1019
LOAN_TXN_1239,LOAN_1019,2023-12-01,2023-12-02,7197.025062142454,5757.620049713963,1439.4050124284909,COMPLETED,72209.62396830833,Loan payment for LOAN_1019
LOAN_TXN_1240,LOAN_1020,2023-01-04,2023-01-05,2398.2494117533142,1918.5995294026516,479.6498823506629,COMPLETED,77167.70507179263,Loan payment for LOAN_1020
LOAN_TXN_1241,LOAN_1020,2023-02-16,2023-02-17,2398.2494117533142,1918.5995294026516,479.6498823506629,LATE,74769.45566003933,Loan payment for LOAN_1020
LOAN_TXN_1242,LOAN_1020,2023-03-03,2023-03-04,2398.2494117533142,1918.5995294026516,479.6498823506629,COMPLETED,72371.206248286,Loan payment for LOAN_1020
LOAN_TXN_1243,LOAN_1020,2023-04-05,2023-04-06,2398.2494117533142,1918.5995294026516,479.6498823506629,COMPLETED,69972.9568365327,Loan payment for LOAN_1020
LOAN_TXN_1244,LOAN_1020,2023-05-02,2023-05-03,2398.2494117533142,1918.5995294026516,479.6498823506629,COMPLETED,67574.70742477938,Loan payment for LOAN_1020
LOAN_TXN_1245,LOAN_1020,2023-06-04,2023-06-05,2398.2494117533142,1918.5995294026516,479.6498823506629,COMPLETED,65176.458013026066,Loan payment for LOAN_1020
LOAN_TXN_1246,LOAN_1020,2023-07-04,2023-07-05,2398.2494117533142,1918.5995294026516,479.6498823506629,COMPLETED,62778.20860127275,Loan payment for LOAN_1020
LOAN_TXN_1247,LOAN_1020,2023-08-02,2023-08-03,2398.2494117533142,1918.5995294026516,479.6498823506629,COMPLETED,60379.95918951944,Loan payment for LOAN_1020
LOAN_TXN_1248,LOAN_1020,2023-09-02,2023-09-03,2398.2494117533142,1918.5995294026516,479.6498823506629,COMPLETED,57981.709777766126,Loan payment for LOAN_1020
LOAN_TXN_1249,LOAN_1020,2023-09-28,2023-09-29,2398.2494117533142,1918.5995294026516,479.6498823506629,COMPLETED,55583.46036601281,Loan payment for LOAN_1020
LOAN_TXN_1250,LOAN_1020,2023-11-01,2023-11-02,2398.2494117533142,1918.5995294026516,479.6498823506629,COMPLETED,53185.2109542595,Loan payment for LOAN_1020
LOAN_TXN_1251,LOAN_1020,2023-11-30,2023-12-01,2398.2494117533142,1918.5995294026516,479.6498823506629,COMPLETED,50786.96154250618,Loan payment for LOAN_1020
LOAN_TXN_1252,LOAN_1021,2023-01-02,2023-01-03,1679.4135525387674,1343.530842031014,335.8827105077535,COMPLETED,32847.16735609236,Loan payment for LOAN_1021
LOAN_TXN_1253,LOAN_1021,2023-02-04,2023-02-05,1679.4135525387674,1343.530842031014,335.8827105077535,COMPLETED,31167.75380355359,Loan payment for LOAN_1021
LOAN_TXN_1254,LOAN_1021,2023-03-04,2023-03-05,1679.4135525387674,1343.530842031014,335.8827105077535,COMPLETED,29488.340251014826,Loan payment for LOAN_1021
LOAN_TXN_1255,LOAN_1021,2023-04-01,2023-04-02,1679.4135525387674,1343.530842031014,335.8827105077535,COMPLETED,27808.926698476058,Loan payment for LOAN_1021
LOAN_TXN_1256,LOAN_1021,2023-05-04,2023-05-05,1679.4135525387674,1343.530842031014,335.8827105077535,COMPLETED,26129.51314593729,Loan payment for LOAN_1021
LOAN_TXN_1257,LOAN_1021,2023-05-31,2023-06-01,1679.4135525387674,1343.530842031014,335.8827105077535,COMPLETED,24450.099593398525,Loan payment for LOAN_1021
LOAN_TXN_1258,LOAN_1021,2023-06-30,2023-07-01,1679.4135525387674,1343.530842031014,335.8827105077535,COMPLETED,22770.686040859757,Loan payment for LOAN_1021
LOAN_TXN_1259,LOAN_1021,2023-08-02,2023-08-03,1679.4135525387674,1343.530842031014,335.8827105077535,COMPLETED,21091.27248832099,Loan payment for LOAN_1021
LOAN_TXN_1260,LOAN_1021,2023-09-19,2023-09-20,1679.4135525387674,1343.530842031014,335.8827105077535,LATE,19411.85893578222,Loan payment for LOAN_1021
LOAN_TXN_1261,LOAN_1021,2023-10-01,2023-10-02,1679.4135525387674,1343.530842031014,335.8827105077535,COMPLETED,17732.445383243452,Loan payment for LOAN_1021
LOAN_TXN_1262,LOAN_1021,2023-10-31,2023-11-01,1679.4135525387674,1343.530842031014,335.8827105077535,COMPLETED,16053.031830704687,Loan payment for LOAN_1021
LOAN_TXN_1263,LOAN_1021,2023-11-30,2023-12-01,1679.4135525387674,1343.530842031014,335.8827105077535,COMPLETED,14373.618278165919,Loan payment for LOAN_1021
LOAN_TXN_1264,LOAN_1022,2023-01-05,2023-01-06,2398.246353864237,1918.5970830913895,479.6492707728474,COMPLETED,25923.98522658096,Loan payment for LOAN_1022
LOAN_TXN_1265,LOAN_1022,2023-01-31,2023-02-01,2398.246353864237,1918.5970830913895,479.6492707728474,COMPLETED,23525.738872716724,Loan payment for LOAN_1022
LOAN_TXN_1266,LOAN_1022,2023-03-04,2023-03-05,2398.246353864237,1918.5970830913895,479.6492707728474,COMPLETED,21127.492518852487,Loan payment for LOAN_1022
LOAN_TXN_1267,LOAN_1022,2023-04-05,2023-04-06,2398.246353864237,1918.5970830913895,479.6492707728474,COMPLETED,18729.24616498825,Loan payment for LOAN_1022
LOAN_TXN_1268,LOAN_1022,2023-05-01,2023-05-02,2398.246353864237,1918.5970830913895,479.6492707728474,COMPLETED,16330.999811124013,Loan payment for LOAN_1022
LOAN_TXN_1269,LOAN_1022,2023-06-04,2023-06-05,2398.246353864237,1918.5970830913895,479.6492707728474,COMPLETED,13932.753457259776,Loan payment for LOAN_1022
LOAN_TXN_1270,LOAN_1022,2023-07-02,2023-07-03,2398.246353864237,1918.5970830913895,479.6492707728474,COMPLETED,11534.50710339554,Loan payment for LOAN_1022
LOAN_TXN_1271,LOAN_1022,2023-07-31,2023-08-01,2398.246353864237,1918.5970830913895,479.6492707728474,COMPLETED,9136.260749531302,Loan payment for LOAN_1022
LOAN_TXN_1272,LOAN_1022,2023-08-29,2023-08-30,2398.246353864237,1918.5970830913895,479.6492707728474,COMPLETED,6738.014395667065,Loan payment for LOAN_1022
LOAN_TXN_1273,LOAN_1022,2023-09-30,2023-10-01,2398.246353864237,1918.5970830913895,479.6492707728474,COMPLETED,4339.7680418028285,Loan payment for LOAN_1022
LOAN_TXN_1274,LOAN_1022,2023-10-29,2023-10-30,2398.246353864237,1918.5970830913895,479.6492707728474,COMPLETED,1941.5216879385916,Loan payment for LOAN_1022
LOAN_TXN_1275,LOAN_1022,2023-11-29,2023-11-30,2398.246353864237,1918.5970830913895,479.6492707728474,COMPLETED,0.0,Loan payment for LOAN_1022
LOAN_TXN_1276,LOAN_1023,2023-01-04,2023-01-05,4540.5070802423415,3632.4056641938732,908.1014160484683,COMPLETED,22639.163375307922,Loan payment for LOAN_1023
LOAN_TXN_1277,LOAN_1023,2023-02-04,2023-02-05,4540.5070802423415,3632.4056641938732,908.1014160484683,COMPLETED,18098.656295065583,Loan payment for LOAN_1023
LOAN_TXN_1278,LOAN_1023,2023-03-03,2023-03-04,4540.5070802423415,3632.4056641938732,908.1014160484683,COMPLETED,13558.149214823241,Loan payment for LOAN_1023
LOAN_TXN_1279,LOAN_1023,2023-04-01,2023-04-02,4540.5070802423415,3632.4056641938732,908.1014160484683,COMPLETED,9017.6421345809,Loan payment for LOAN_1023
LOAN_TXN_1280,LOAN_1023,2023-05-02,2023-05-03,4540.5070802423415,3632.4056641938732,908.1014160484683,COMPLETED,4477.135054338556,Loan payment for LOAN_1023
LOAN_TXN_1281,LOAN_1023,2023-06-03,2023-06-04,4540.5070802423415,3632.4056641938732,908.1014160484683,COMPLETED,0.0,Loan payment for LOAN_1023
LOAN_TXN_1282,LOAN_1023,2023-06-30,2023-07-01,4540.5070802423415,3632.4056641938732,908.1014160484683,COMPLETED,0.0,Loan payment for LOAN_1023
LOAN_TXN_1283,LOAN_1023,2023-08-03,2023-08-04,4540.5070802423415,3632.4056641938732,908.1014160484683,COMPLETED,0.0,Loan payment for LOAN_1023
LOAN_TXN_1284,LOAN_1023,2023-09-01,2023-09-02,4540.5070802423415,3632.4056641938732,908.1014160484683,COMPLETED,0.0,Loan payment for LOAN_1023
LOAN_TXN_1285,LOAN_1023,2023-10-02,2023-10-03,4540.5070802423415,3632.4056641938732,908.1014160484683,COMPLETED,0.0,Loan payment for LOAN_1023
LOAN_TXN_1286,LOAN_1023,2023-10-28,2023-10-29,4540.5070802423415,3632.4056641938732,908.1014160484683,COMPLETED,0.0,Loan payment for LOAN_1023
LOAN_TXN_1287,LOAN_1023,2023-11-28,2023-11-29,4540.5070802423415,3632.4056641938732,908.1014160484683,COMPLETED,0.0,Loan payment for LOAN_1023
LOAN_TXN_1288,LOAN_1024,2023-01-02,2023-01-03,1508.290477624776,1206.632382099821,301.65809552495523,COMPLETED,7547.587269271007,Loan payment for LOAN_1024
LOAN_TXN_1289,LOAN_1024,2023-02-04,2023-02-05,1508.290477624776,1206.632382099821,301.65809552495523,COMPLETED,6039.296791646231,Loan payment for LOAN_1024
LOAN_TXN_1290,LOAN_1024,2023-03-14,2023-03-15,1508.290477624776,1206.632382099821,301.65809552495523,LATE,4531.006314021455,Loan payment for LOAN_1024
LOAN_TXN_1291,LOAN_1024,2023-04-02,2023-04-03,1508.290477624776,1206.632382099821,301.65809552495523,COMPLETED,3022.715836396679,Loan payment for LOAN_1024
LOAN_TXN_1292,LOAN_1024,2023-05-04,2023-05-05,1508.290477624776,1206.632382099821,301.65809552495523,COMPLETED,1514.4253587719031,Loan payment for LOAN_1024
LOAN_TXN_1293,LOAN_1024,2023-06-03,2023-06-04,1508.290477624776,1206.632382099821,301.65809552495523,COMPLETED,6.134881147127089,Loan payment for LOAN_1024
LOAN_TXN_1294,LOAN_1024,2023-07-03,2023-07-04,1508.290477624776,1206.632382099821,301.65809552495523,COMPLETED,0.0,Loan payment for LOAN_1024
LOAN_TXN_1295,LOAN_1024,2023-07-31,2023-08-01,1508.290477624776,1206.632382099821,301.65809552495523,COMPLETED,0.0,Loan payment for LOAN_1024
LOAN_TXN_1296,LOAN_1024,2023-08-30,2023-08-31,1508.290477624776,1206.632382099821,301.65809552495523,COMPLETED,0.0,Loan payment for LOAN_1024
LOAN_TXN_1297,LOAN_1024,2023-10-02,2023-10-03,1508.290477624776,1206.632382099821,301.65809552495523,COMPLETED,0.0,Loan payment for LOAN_1024
LOAN_TXN_1298,LOAN_1024,2023-11-25,2023-11-26,1508.290477624776,1206.632382099821,301.65809552495523,LATE,0.0,Loan payment for LOAN_1024
LOAN_TXN_1299,LOAN_1024,2023-11-28,2023-11-29,1508.290477624776,1206.632382099821,301.65809552495523,COMPLETED,0.0,Loan payment for LOAN_1024
LOAN_TXN_1300,LOAN_1025,2023-01-05,2023-01-06,938.5577379134671,750.8461903307738,187.71154758269344,COMPLETED,32143.558021713212,Loan payment for LOAN_1025
LOAN_TXN_1301,LOAN_1025,2023-02-04,2023-02-05,938.5577379134671,750.8461903307738,187.71154758269344,COMPLETED,31205.000283799745,Loan payment for LOAN_1025
LOAN_TXN_1302,LOAN_1025,2023-03-05,2023-03-06,938.5577379134671,750.8461903307738,187.71154758269344,COMPLETED,30266.442545886275,Loan payment for LOAN_1025
LOAN_TXN_1303,LOAN_1025,2023-04-03,2023-04-04,938.5577379134671,750.8461903307738,187.71154758269344,COMPLETED,29327.88480797281,Loan payment for LOAN_1025
LOAN_TXN_1304,LOAN_1025,2023-05-03,2023-05-04,938.5577379134671,750.8461903307738,187.71154758269344,COMPLETED,28389.327070059342,Loan payment for LOAN_1025
LOAN_TXN_1305,LOAN_1025,2023-06-04,2023-06-05,938.5577379134671,750.8461903307738,187.71154758269344,COMPLETED,27450.769332145876,Loan payment for LOAN_1025
LOAN_TXN_1306,LOAN_1025,2023-07-03,2023-07-04,938.5577379134671,750.8461903307738,187.71154758269344,COMPLETED,26512.21159423241,Loan payment for LOAN_1025
LOAN_TXN_1307,LOAN_1025,2023-08-01,2023-08-02,938.5577379134671,750.8461903307738,187.71154758269344,COMPLETED,25573.653856318942,Loan payment for LOAN_1025
LOAN_TXN_1308,LOAN_1025,2023-08-30,2023-08-31,938.5577379134671,750.8461903307738,187.71154758269344,COMPLETED,24635.096118405476,Loan payment for LOAN_1025
LOAN_TXN_1309,LOAN_1025,2023-10-02,2023-10-03,938.5577379134671,750.8461903307738,187.71154758269344,COMPLETED,23696.538380492006,Loan payment for LOAN_1025
LOAN_TXN_1310,LOAN_1025,2023-10-31,2023-11-01,938.5577379134671,750.8461903307738,187.71154758269344,COMPLETED,22757.980642578543,Loan payment for LOAN_1025
LOAN_TXN_1311,LOAN_1025,2023-11-29,2023-11-30,938.5577379134671,750.8461903307738,187.71154758269344,COMPLETED,21819.422904665073,Loan payment for LOAN_1025
LOAN_TXN_1312,LOAN_1026,2023-01-05,2023-01-06,1088.3594192725227,870.6875354180182,217.67188385450456,COMPLETED,14929.075256358534,Loan payment for LOAN_1026
LOAN_TXN_1313,LOAN_1026,2023-02-01,2023-02-02,1088.3594192725227,870.6875354180182,217.67188385450456,COMPLETED,13840.715837086012,Loan payment for LOAN_1026
LOAN_TXN_1314,LOAN_1026,2023-03-05,2023-03-06,1088.3594192725227,870.6875354180182,217.67188385450456,COMPLETED,12752.35641781349,Loan payment for LOAN_1026
LOAN_TXN_1315,LOAN_1026,2023-04-02,2023-04-03,1088.3594192725227,870.6875354180182,217.67188385450456,COMPLETED,11663.996998540966,Loan payment for LOAN_1026
LOAN_TXN_1316,LOAN_1026,2023-05-03,2023-05-04,1088.3594192725227,870.6875354180182,217.67188385450456,COMPLETED,10575.637579268443,Loan payment for LOAN_1026
LOAN_TXN_1317,LOAN_1026,2023-06-03,2023-06-04,1088.3594192725227,870.6875354180182,217.67188385450456,COMPLETED,9487.27815999592,Loan payment for LOAN_1026
LOAN_TXN_1318,LOAN_1026,2023-07-02,2023-07-03,1088.3594192725227,870.6875354180182,217.67188385450456,COMPLETED,8398.918740723399,Loan payment for LOAN_1026
LOAN_TXN_1319,LOAN_1026,2023-08-01,2023-08-02,1088.3594192725227,870.6875354180182,217.67188385450456,COMPLETED,7310.559321450875,Loan payment for LOAN_1026
LOAN_TXN_1320,LOAN_1026,2023-08-29,2023-08-30,1088.3594192725227,870.6875354180182,217.67188385450456,COMPLETED,6222.199902178352,Loan payment for LOAN_1026
LOAN_TXN_1321,LOAN_1026,2023-10-01,2023-10-02,1088.3594192725227,870.6875354180182,217.67188385450456,LATE,5133.840482905829,Loan payment for LOAN_1026
LOAN_TXN_1322,LOAN_1026,2023-10-28,2023-10-29,1088.3594192725227,870.6875354180182,217.67188385450456,COMPLETED,4045.4810636333077,Loan payment for LOAN_1026
LOAN_TXN_1323,LOAN_1026,2023-11-29,2023-11-30,1088.3594192725227,870.6875354180182,217.67188385450456,COMPLETED,2957.1216443607846,Loan payment for LOAN_1026
LOAN_TXN_1324,LOAN_1027,2023-01-04,2023-01-05,1564.8302316217137,1251.864185297371,312.96604632434276,COMPLETED,58466.1276172359,Loan payment for LOAN_1027
LOAN_TXN_1325,LOAN_1027,2023-02-04,2023-02-05,1564.8302316217137,1251.864185297371,312.96604632434276,COMPLETED,56901.29738561419,Loan payment for LOAN_1027
LOAN_TXN_1326,LOAN_1027,2023-03-06,2023-03-07,1564.8302316217137,1251.864185297371,312.96604632434276,COMPLETED,55336.467153992475,Loan payment for LOAN_1027
LOAN_TXN_1327,LOAN_1027,2023-04-01,2023-04-02,1564.8302316217137,1251.864185297371,312.96604632434276,COMPLETED,53771.63692237076,Loan payment for LOAN_1027
LOAN_TXN_1328,LOAN_1027,2023-05-04,2023-05-05,1564.8302316217137,1251.864185297371,312.96604632434276,COMPLETED,52206.80669074904,Loan payment for LOAN_1027
LOAN_TXN_1329,LOAN_1027,2023-06-01,2023-06-02,1564.8302316217137,1251.864185297371,312.96604632434276,COMPLETED,50641.976459127334,Loan payment for LOAN_1027
LOAN_TXN_1330,LOAN_1027,2023-07-03,2023-07-04,1564.8302316217137,1251.864185297371,312.96604632434276,COMPLETED,49077.14622750562,Loan payment for LOAN_1027
LOAN_TXN_1331,LOAN_1027,2023-08-01,2023-08-02,1564.8302316217137,1251.864185297371,312.96604632434276,COMPLETED,47512.31599588391,Loan payment for LOAN_1027
LOAN_TXN_1332,LOAN_1027,2023-08-31,2023-09-01,1564.8302316217137,1251.864185297371,312.96604632434276,COMPLETED,45947.485764262194,Loan payment for LOAN_1027
LOAN_TXN_1333,LOAN_1027,2023-10-02,2023-10-03,1564.8302316217137,1251.864185297371,312.96604632434276,COMPLETED,44382.65553264048,Loan payment for LOAN_1027
LOAN_TXN_1334,LOAN_1027,2023-10-30,2023-10-31,1564.8302316217137,1251.864185297371,312.96604632434276,COMPLETED,42817.82530101876,Loan payment for LOAN_1027
LOAN_TXN_1335,LOAN_1027,2023-11-27,2023-11-28,1564.8302316217137,1251.864185297371,312.96604632434276,COMPLETED,41252.99506939705,Loan payment for LOAN_1027
LOAN_TXN_1336,LOAN_1028,2023-01-03,2023-01-04,1123.2817397052238,898.6253917641791,224.65634794104477,COMPLETED,33444.5703663116,Loan payment for LOAN_1028
LOAN_TXN_1337,LOAN_1028,2023-02-23,2023-02-24,1123.2817397052238,898.6253917641791,224.65634794104477,LATE,32321.288626606372,Loan payment for LOAN_1028
LOAN_TXN_1338,LOAN_1028,2023-03-06,2023-03-07,1123.2817397052238,898.6253917641791,224.65634794104477,COMPLETED,31198.00688690115,Loan payment for LOAN_1028
LOAN_TXN_1339,LOAN_1028,2023-04-02,2023-04-03,1123.2817397052238,898.6253917641791,224.65634794104477,COMPLETED,30074.725147195924,Loan payment for LOAN_1028
LOAN_TXN_1340,LOAN_1028,2023-05-04,2023-05-05,1123.2817397052238,898.6253917641791,224.65634794104477,COMPLETED,28951.4434074907,Loan payment for LOAN_1028
LOAN_TXN_1341,LOAN_1028,2023-06-03,2023-06-04,1123.2817397052238,898.6253917641791,224.65634794104477,COMPLETED,27828.161667785476,Loan payment for LOAN_1028
LOAN_TXN_1342,LOAN_1028,2023-07-02,2023-07-03,1123.2817397052238,898.6253917641791,224.65634794104477,COMPLETED,26704.879928080256,Loan payment for LOAN_1028
LOAN_TXN_1343,LOAN_1028,2023-08-02,2023-08-03,1123.2817397052238,898.6253917641791,224.65634794104477,COMPLETED,25581.59818837503,Loan payment for LOAN_1028
LOAN_TXN_1344,LOAN_1028,2023-08-31,2023-09-01,1123.2817397052238,898.6253917641791,224.65634794104477,COMPLETED,24458.316448669808,Loan payment for LOAN_1028
LOAN_TXN_1345,LOAN_1028,2023-09-28,2023-09-29,1123.2817397052238,898.6253917641791,224.65634794104477,COMPLETED,23335.03470896458,Loan payment for LOAN_1028
LOAN_TXN_1346,LOAN_1028,2023-10-28,2023-10-29,1123.2817397052238,898.6253917641791,224.65634794104477,COMPLETED,22211.75296925936,Loan payment for LOAN_1028
LOAN_TXN_1347,LOAN_1028,2023-11-27,2023-11-28,1123.2817397052238,898.6253917641791,224.65634794104477,COMPLETED,21088.471229554136,Loan payment for LOAN_1028
LOAN_TXN_1348,LOAN_1029,2023-01-04,2023-01-05,2633.134730123353,2106.507784098683,526.6269460246707,COMPLETED,40111.05731137928,Loan payment for LOAN_1029
LOAN_TXN_1349,LOAN_1029,2023-01-31,2023-02-01,2633.134730123353,2106.507784098683,526.6269460246707,COMPLETED,37477.92258125592,Loan payment for LOAN_1029
LOAN_TXN_1350,LOAN_1029,2023-03-05,2023-03-06,2633.134730123353,2106.507784098683,526.6269460246707,COMPLETED,34844.78785113257,Loan payment for LOAN_1029
LOAN_TXN_1351,LOAN_1029,2023-04-04,2023-04-05,2633.134730123353,2106.507784098683,526.6269460246707,COMPLETED,32211.65312100922,Loan payment for LOAN_1029
LOAN_TXN_1352,LOAN_1029,2023-05-03,2023-05-04,2633.134730123353,2106.507784098683,526.6269460246707,COMPLETED,29578.518390885867,Loan payment for LOAN_1029
LOAN_TXN_1353,LOAN_1029,2023-06-03,2023-06-04,2633.134730123353,2106.507784098683,526.6269460246707,COMPLETED,26945.383660762513,Loan payment for LOAN_1029
LOAN_TXN_1354,LOAN_1029,2023-07-04,2023-07-05,2633.134730123353,2106.507784098683,526.6269460246707,COMPLETED,24312.24893063916,Loan payment for LOAN_1029
LOAN_TXN_1355,LOAN_1029,2023-08-01,2023-08-02,2633.134730123353,2106.507784098683,526.6269460246707,COMPLETED,21679.114200515807,Loan payment for LOAN_1029
LOAN_TXN_1356,LOAN_1029,2023-08-30,2023-08-31,2633.134730123353,2106.507784098683,526.6269460246707,COMPLETED,19045.979470392453,Loan payment for LOAN_1029
LOAN_TXN_1357,LOAN_1029,2023-09-30,2023-10-01,2633.134730123353,2106.507784098683,526.6269460246707,COMPLETED,16412.8447402691,Loan payment for LOAN_1029
LOAN_TXN_1358,LOAN_1029,2023-10-29,2023-10-30,2633.134730123353,2106.507784098683,526.6269460246707,COMPLETED,13779.710010145747,Loan payment for LOAN_1029
LOAN_TXN_1359,LOAN_1029,2023-11-29,2023-11-30,2633.134730123353,2106.507784098683,526.6269460246707,COMPLETED,11146.575280022393,Loan payment for LOAN_1029
LOAN_TXN_1360,LOAN_1030,2023-01-03,2023-01-04,2007.6654066341355,1606.1323253073085,401.53308132682713,COMPLETED,39354.89796012616,Loan payment for LOAN_1030
LOAN_TXN_1361,LOAN_1030,2023-02-02,2023-02-03,2007.6654066341355,1606.1323253073085,401.53308132682713,COMPLETED,37347.232553492024,Loan payment for LOAN_1030
LOAN_TXN_1362,LOAN_1030,2023-03-04,2023-03-05,2007.6654066341355,1606.1323253073085,401.53308132682713,COMPLETED,35339.56714685789,Loan payment for LOAN_1030
LOAN_TXN_1363,LOAN_1030,2023-04-05,2023-04-06,2007.6654066341355,1606.1323253073085,401.53308132682713,COMPLETED,33331.90174022375,Loan payment for LOAN_1030
LOAN_TXN_1364,LOAN_1030,2023-05-04,2023-05-05,2007.6654066341355,1606.1323253073085,401.53308132682713,COMPLETED,31324.23633358962,Loan payment for LOAN_1030
LOAN_TXN_1365,LOAN_1030,2023-06-02,2023-06-03,2007.6654066341355,1606.1323253073085,401.53308132682713,COMPLETED,29316.570926955483,Loan payment for LOAN_1030
LOAN_TXN_1366,LOAN_1030,2023-07-02,2023-07-03,2007.6654066341355,1606.1323253073085,401.53308132682713,COMPLETED,27308.90552032135,Loan payment for LOAN_1030
LOAN_TXN_1367,LOAN_1030,2023-08-01,2023-08-02,2007.6654066341355,1606.1323253073085,401.53308132682713,COMPLETED,25301.240113687214,Loan payment for LOAN_1030
LOAN_TXN_1368,LOAN_1030,2023-09-01,2023-09-02,2007.6654066341355,1606.1323253073085,401.53308132682713,COMPLETED,23293.574707053078,Loan payment for LOAN_1030
LOAN_TXN_1369,LOAN_1030,2023-09-28,2023-09-29,2007.6654066341355,1606.1323253073085,401.53308132682713,COMPLETED,21285.90930041894,Loan payment for LOAN_1030
LOAN_TXN_1370,LOAN_1030,2023-10-31,2023-11-01,2007.6654066341355,1606.1323253073085,401.53308132682713,COMPLETED,19278.243893784806,Loan payment for LOAN_1030
LOAN_TXN_1371,LOAN_1030,2023-12-01,2023-12-02,2007.6654066341355,1606.1323253073085,401.53308132682713,COMPLETED,17270.57848715067,Loan payment for LOAN_1030
LOAN_TXN_1372,LOAN_1031,2023-01-05,2023-01-06,1442.535261683743,1154.0282093469946,288.50705233674864,COMPLETED,6106.3311601802125,Loan payment for LOAN_1031
LOAN_TXN_1373,LOAN_1031,2023-02-03,2023-02-04,1442.535261683743,1154.0282093469946,288.50705233674864,COMPLETED,4663.79589849647,Loan payment for LOAN_1031
LOAN_TXN_1374,LOAN_1031,2023-03-04,2023-03-05,1442.535261683743,1154.0282093469946,288.50705233674864,COMPLETED,3221.2606368127263,Loan payment for LOAN_1031
LOAN_TXN_1375,LOAN_1031,2023-04-04,2023-04-05,1442.535261683743,1154.0282093469946,288.50705233674864,COMPLETED,1778.7253751289836,Loan payment for LOAN_1031
LOAN_TXN_1376,LOAN_1031,2023-05-02,2023-05-03,1442.535261683743,1154.0282093469946,288.50705233674864,COMPLETED,336.19011344524097,Loan payment for LOAN_1031
LOAN_TXN_1377,LOAN_1031,2023-05-31,2023-06-01,1442.535261683743,1154.0282093469946,288.50705233674864,COMPLETED,0.0,Loan payment for LOAN_1031
LOAN_TXN_1378,LOAN_1031,2023-07-03,2023-07-04,1442.535261683743,1154.0282093469946,288.50705233674864,COMPLETED,0.0,Loan payment for LOAN_1031
LOAN_TXN_1379,LOAN_1031,2023-07-31,2023-08-01,1442.535261683743,1154.0282093469946,288.50705233674864,COMPLETED,0.0,Loan payment for LOAN_1031
LOAN_TXN_1380,LOAN_1031,2023-09-01,2023-09-02,1442.535261683743,1154.0282093469946,288.50705233674864,COMPLETED,0.0,Loan payment for LOAN_1031
LOAN_TXN_1381,LOAN_1031,2023-10-01,2023-10-02,1442.535261683743,1154.0282093469946,288.50705233674864,COMPLETED,0.0,Loan payment for LOAN_1031
LOAN_TXN_1382,LOAN_1031,2023-10-29,2023-10-30,1442.535261683743,1154.0282093469946,288.50705233674864,COMPLETED,0.0,Loan payment for LOAN_1031
LOAN_TXN_1383,LOAN_1031,2023-11-29,2023-11-30,1442.535261683743,1154.0282093469946,288.50705233674864,COMPLETED,0.0,Loan payment for LOAN_1031
LOAN_TXN_1384,LOAN_1032,2023-01-05,2023-01-06,4214.991291314826,3371.9930330518614,842.9982582629654,COMPLETED,39965.800049983816,Loan payment for LOAN_1032
LOAN_TXN_1385,LOAN_1032,2023-01-31,2023-02-01,4214.991291314826,3371.9930330518614,842.9982582629654,COMPLETED,35750.808758668994,Loan payment for LOAN_1032
LOAN_TXN_1386,LOAN_1032,2023-03-06,2023-03-07,4214.991291314826,3371.9930330518614,842.9982582629654,COMPLETED,31535.817467354165,Loan payment for LOAN_1032
LOAN_TXN_1387,LOAN_1032,2023-04-01,2023-04-02,4214.991291314826,3371.9930330518614,842.9982582629654,COMPLETED,27320.82617603934,Loan payment for LOAN_1032
LOAN_TXN_1388,LOAN_1032,2023-05-05,2023-05-06,4214.991291314826,3371.9930330518614,842.9982582629654,COMPLETED,23105.834884724514,Loan payment for LOAN_1032
LOAN_TXN_1389,LOAN_1032,2023-06-02,2023-06-03,4214.991291314826,3371.9930330518614,842.9982582629654,COMPLETED,18890.843593409685,Loan payment for LOAN_1032
LOAN_TXN_1390,LOAN_1032,2023-07-02,2023-07-03,4214.991291314826,3371.9930330518614,842.9982582629654,COMPLETED,14675.85230209486,Loan payment for LOAN_1032
LOAN_TXN_1391,LOAN_1032,2023-08-03,2023-08-04,4214.991291314826,3371.9930330518614,842.9982582629654,COMPLETED,10460.861010780034,Loan payment for LOAN_1032
LOAN_TXN_1392,LOAN_1032,2023-09-02,2023-09-03,4214.991291314826,3371.9930330518614,842.9982582629654,COMPLETED,6245.869719465205,Loan payment for LOAN_1032
LOAN_TXN_1393,LOAN_1032,2023-09-29,2023-09-30,4214.991291314826,3371.9930330518614,842.9982582629654,COMPLETED,2030.8784281503831,Loan payment for LOAN_1032
LOAN_TXN_1394,LOAN_1032,2023-11-01,2023-11-02,4214.991291314826,3371.9930330518614,842.9982582629654,COMPLETED,0.0,Loan payment for LOAN_1032
LOAN_TXN_1395,LOAN_1032,2023-11-29,2023-11-30,4214.991291314826,3371.9930330518614,842.9982582629654,COMPLETED,0.0,Loan payment for LOAN_1032
LOAN_TXN_1396,LOAN_1033,2023-01-03,2023-01-04,1688.0130035617224,1350.410402849378,337.6026007123445,COMPLETED,34263.65668565076,Loan payment for LOAN_1033
LOAN_TXN_1397,LOAN_1033,2023-02-04,2023-02-05,1688.0130035617224,1350.410402849378,337.6026007123445,COMPLETED,32575.643682089045,Loan payment for LOAN_1033
LOAN_TXN_1398,LOAN_1033,2023-03-03,2023-03-04,1688.0130035617224,1350.410402849378,337.6026007123445,COMPLETED,30887.630678527323,Loan payment for LOAN_1033
LOAN_TXN_1399,LOAN_1033,2023-04-04,2023-04-05,1688.0130035617224,1350.410402849378,337.6026007123445,COMPLETED,29199.6176749656,Loan payment for LOAN_1033
LOAN_TXN_1400,LOAN_1033,2023-05-04,2023-05-05,1688.0130035617224,1350.410402849378,337.6026007123445,COMPLETED,27511.604671403875,Loan payment for LOAN_1033
LOAN_TXN_1401,LOAN_1033,2023-06-03,2023-06-04,1688.0130035617224,1350.410402849378,337.6026007123445,COMPLETED,25823.591667842156,Loan payment for LOAN_1033
LOAN_TXN_1402,LOAN_1033,2023-07-03,2023-07-04,1688.0130035617224,1350.410402849378,337.6026007123445,COMPLETED,24135.57866428043,Loan payment for LOAN_1033
LOAN_TXN_1403,LOAN_1033,2023-08-01,2023-08-02,1688.0130035617224,1350.410402849378,337.6026007123445,COMPLETED,22447.565660718712,Loan payment for LOAN_1033
LOAN_TXN_1404,LOAN_1033,2023-08-31,2023-09-01,1688.0130035617224,1350.410402849378,337.6026007123445,COMPLETED,20759.552657156986,Loan payment for LOAN_1033
LOAN_TXN_1405,LOAN_1033,2023-09-28,2023-09-29,1688.0130035617224,1350.410402849378,337.6026007123445,COMPLETED,19071.539653595264,Loan payment for LOAN_1033
LOAN_TXN_1406,LOAN_1033,2023-10-28,2023-10-29,1688.0130035617224,1350.410402849378,337.6026007123445,COMPLETED,17383.526650033542,Loan payment for LOAN_1033
LOAN_TXN_1407,LOAN_1033,2023-12-01,2023-12-02,1688.0130035617224,1350.410402849378,337.6026007123445,COMPLETED,15695.51364647182,Loan payment for LOAN_1033
LOAN_TXN_1408,LOAN_1034,2023-01-02,2023-01-03,2237.697098376009,1790.157678700807,447.53941967520177,COMPLETED,23849.748430562264,Loan payment for LOAN_1034
LOAN_TXN_1409,LOAN_1034,2023-02-02,2023-02-03,2237.697098376009,1790.157678700807,447.53941967520177,COMPLETED,21612.051332186253,Loan payment for LOAN_1034
LOAN_TXN_1410,LOAN_1034,2023-03-02,2023-03-03,2237.697098376009,1790.157678700807,447.53941967520177,COMPLETED,19374.354233810245,Loan payment for LOAN_1034
LOAN_TXN_1411,LOAN_1034,2023-04-02,2023-04-03,2237.697098376009,1790.157678700807,447.53941967520177,COMPLETED,17136.657135434238,Loan payment for LOAN_1034
LOAN_TXN_1412,LOAN_1034,2023-05-03,2023-05-04,2237.697098376009,1790.157678700807,447.53941967520177,COMPLETED,14898.960037058227,Loan payment for LOAN_1034
LOAN_TXN_1413,LOAN_1034,2023-06-04,2023-06-05,2237.697098376009,1790.157678700807,447.53941967520177,COMPLETED,12661.26293868222,Loan payment for LOAN_1034
LOAN_TXN_1414,LOAN_1034,2023-07-02,2023-07-03,2237.697098376009,1790.157678700807,447.53941967520177,COMPLETED,10423.56584030621,Loan payment for LOAN_1034
LOAN_TXN_1415,LOAN_1034,2023-08-02,2023-08-03,2237.697098376009,1790.157678700807,447.53941967520177,COMPLETED,8185.8687419302005,Loan payment for LOAN_1034
LOAN_TXN_1416,LOAN_1034,2023-08-30,2023-08-31,2237.697098376009,1790.157678700807,447.53941967520177,COMPLETED,5948.171643554193,Loan payment for LOAN_1034
LOAN_TXN_1417,LOAN_1034,2023-10-01,2023-10-02,2237.697098376009,1790.157678700807,447.53941967520177,COMPLETED,3710.474545178182,Loan payment for LOAN_1034
LOAN_TXN_1418,LOAN_1034,2023-10-29,2023-10-30,2237.697098376009,1790.157678700807,447.53941967520177,COMPLETED,1472.7774468021744,Loan payment for LOAN_1034
LOAN_TXN_1419,LOAN_1034,2023-11-27,2023-11-28,2237.697098376009,1790.157678700807,447.53941967520177,COMPLETED,0.0,Loan payment for LOAN_1034
LOAN_TXN_1420,LOAN_1035,2023-01-04,2023-01-05,3196.094447261892,2556.875557809514,639.2188894523784,COMPLETED,16575.590929604296,Loan payment for LOAN_1035
LOAN_TXN_1421,LOAN_1035,2023-02-02,2023-02-03,3196.094447261892,2556.875557809514,639.2188894523784,COMPLETED,13379.496482342405,Loan payment for LOAN_1035
LOAN_TXN_1422,LOAN_1035,2023-03-03,2023-03-04,3196.094447261892,2556.875557809514,639.2188894523784,COMPLETED,10183.402035080513,Loan payment for LOAN_1035
LOAN_TXN_1423,LOAN_1035,2023-04-03,2023-04-04,3196.094447261892,2556.875557809514,639.2188894523784,COMPLETED,6987.307587818621,Loan payment for LOAN_1035
LOAN_TXN_1424,LOAN_1035,2023-05-01,2023-05-02,3196.094447261892,2556.875557809514,639.2188894523784,COMPLETED,3791.213140556729,Loan payment for LOAN_1035
LOAN_TXN_1425,LOAN_1035,2023-06-01,2023-06-02,3196.094447261892,2556.875557809514,639.2188894523784,COMPLETED,595.1186932948367,Loan payment for LOAN_1035
LOAN_TXN_1426,LOAN_1035,2023-07-04,2023-07-05,3196.094447261892,2556.875557809514,639.2188894523784,COMPLETED,0.0,Loan payment for LOAN_1035
LOAN_TXN_1427,LOAN_1035,2023-07-31,2023-08-01,3196.094447261892,2556.875557809514,639.2188894523784,COMPLETED,0.0,Loan payment for LOAN_1035
LOAN_TXN_1428,LOAN_1035,2023-09-01,2023-09-02,3196.094447261892,2556.875557809514,639.2188894523784,COMPLETED,0.0,Loan payment for LOAN_1035
LOAN_TXN_1429,LOAN_1035,2023-09-28,2023-09-29,3196.094447261892,2556.875557809514,639.2188894523784,COMPLETED,0.0,Loan payment for LOAN_1035
LOAN_TXN_1430,LOAN_1035,2023-10-30,2023-10-31,3196.094447261892,2556.875557809514,639.2188894523784,COMPLETED,0.0,Loan payment for LOAN_1035
LOAN_TXN_1431,LOAN_1035,2023-12-01,2023-12-02,3196.094447261892,2556.875557809514,639.2188894523784,COMPLETED,0.0,Loan payment for LOAN_1035
LOAN_TXN_1432,LOAN_1036,2023-01-04,2023-01-05,11628.195693291684,9302.556554633347,2325.639138658337,COMPLETED,163143.29812003038,Loan payment for LOAN_1036
LOAN_TXN_1433,LOAN_1036,2023-02-01,2023-02-02,11628.195693291684,9302.556554633347,2325.639138658337,COMPLETED,151515.1024267387,Loan payment for LOAN_1036
LOAN_TXN_1434,LOAN_1036,2023-03-04,2023-03-05,11628.195693291684,9302.556554633347,2325.639138658337,COMPLETED,139886.90673344702,Loan payment for LOAN_1036
LOAN_TXN_1435,LOAN_1036,2023-04-04,2023-04-05,11628.195693291684,9302.556554633347,2325.639138658337,COMPLETED,128258.71104015534,Loan payment for LOAN_1036
LOAN_TXN_1436,LOAN_1036,2023-05-05,2023-05-06,11628.195693291684,9302.556554633347,2325.639138658337,COMPLETED,116630.51534686366,Loan payment for LOAN_1036
LOAN_TXN_1437,LOAN_1036,2023-06-03,2023-06-04,11628.195693291684,9302.556554633347,2325.639138658337,COMPLETED,105002.31965357196,Loan payment for LOAN_1036
LOAN_TXN_1438,LOAN_1036,2023-07-01,2023-07-02,11628.195693291684,9302.556554633347,2325.639138658337,COMPLETED,93374.12396028028,Loan payment for LOAN_1036
LOAN_TXN_1439,LOAN_1036,2023-08-01,2023-08-02,11628.195693291684,9302.556554633347,2325.639138658337,COMPLETED,81745.9282669886,Loan payment for LOAN_1036
LOAN_TXN_1440,LOAN_1036,2023-08-31,2023-09-01,11628.195693291684,9302.556554633347,2325.639138658337,COMPLETED,70117.73257369692,Loan payment for LOAN_1036
LOAN_TXN_1441,LOAN_1036,2023-10-01,2023-10-02,11628.195693291684,9302.556554633347,2325.639138658337,COMPLETED,58489.53688040524,Loan payment for LOAN_1036
LOAN_TXN_1442,LOAN_1036,2023-11-01,2023-11-02,11628.195693291684,9302.556554633347,2325.639138658337,COMPLETED,46861.34118711355,Loan payment for LOAN_1036
LOAN_TXN_1443,LOAN_1036,2023-11-29,2023-11-30,11628.195693291684,9302.556554633347,2325.639138658337,COMPLETED,35233.14549382185,Loan payment for LOAN_1036
LOAN_TXN_1444,LOAN_1037,2023-01-01,2023-01-02,6607.116156816317,5285.692925453054,1321.4232313632635,COMPLETED,95455.9031372218,Loan payment for LOAN_1037
LOAN_TXN_1445,LOAN_1037,2023-02-04,2023-02-05,6607.116156816317,5285.692925453054,1321.4232313632635,COMPLETED,88848.7869804055,Loan payment for LOAN_1037
LOAN_TXN_1446,LOAN_1037,2023-03-02,2023-03-03,6607.116156816317,5285.692925453054,1321.4232313632635,COMPLETED,82241.67082358917,Loan payment for LOAN_1037
LOAN_TXN_1447,LOAN_1037,2023-04-01,2023-04-02,6607.116156816317,5285.692925453054,1321.4232313632635,COMPLETED,75634.55466677286,Loan payment for LOAN_1037
LOAN_TXN_1448,LOAN_1037,2023-05-01,2023-05-02,6607.116156816317,5285.692925453054,1321.4232313632635,COMPLETED,69027.43850995654,Loan payment for LOAN_1037
LOAN_TXN_1449,LOAN_1037,2023-06-04,2023-06-05,6607.116156816317,5285.692925453054,1321.4232313632635,COMPLETED,62420.32235314022,Loan payment for LOAN_1037
LOAN_TXN_1450,LOAN_1037,2023-07-02,2023-07-03,6607.116156816317,5285.692925453054,1321.4232313632635,COMPLETED,55813.2061963239,Loan payment for LOAN_1037
LOAN_TXN_1451,LOAN_1037,2023-08-02,2023-08-03,6607.116156816317,5285.692925453054,1321.4232313632635,COMPLETED,49206.09003950759,Loan payment for LOAN_1037
LOAN_TXN_1452,LOAN_1037,2023-08-30,2023-08-31,6607.116156816317,5285.692925453054,1321.4232313632635,COMPLETED,42598.97388269127,Loan payment for LOAN_1037
LOAN_TXN_1453,LOAN_1037,2023-09-30,2023-10-01,6607.116156816317,5285.692925453054,1321.4232313632635,COMPLETED,35991.85772587496,Loan payment for LOAN_1037
LOAN_TXN_1454,LOAN_1037,2023-10-30,2023-10-31,6607.116156816317,5285.692925453054,1321.4232313632635,COMPLETED,29384.741569058635,Loan payment for LOAN_1037
LOAN_TXN_1455,LOAN_1037,2023-11-27,2023-11-28,6607.116156816317,5285.692925453054,1321.4232313632635,COMPLETED,22777.625412242312,Loan payment for LOAN_1037
LOAN_TXN_1456,LOAN_1038,2023-01-22,2023-01-23,1481.9369942288904,1185.5495953831123,296.3873988457781,LATE,24235.47541778982,Loan payment for LOAN_1038
LOAN_TXN_1457,LOAN_1038,2023-02-03,2023-02-04,1481.9369942288904,1185.5495953831123,296.3873988457781,COMPLETED,22753.53842356093,Loan payment for LOAN_1038
LOAN_TXN_1458,LOAN_1038,2023-03-05,2023-03-06,1481.9369942288904,1185.5495953831123,296.3873988457781,COMPLETED,21271.60142933204,Loan payment for LOAN_1038
LOAN_TXN_1459,LOAN_1038,2023-04-02,2023-04-03,1481.9369942288904,1185.5495953831123,296.3873988457781,COMPLETED,19789.66443510315,Loan payment for LOAN_1038
LOAN_TXN_1460,LOAN_1038,2023-05-03,2023-05-04,1481.9369942288904,1185.5495953831123,296.3873988457781,COMPLETED,18307.72744087426,Loan payment for LOAN_1038
LOAN_TXN_1461,LOAN_1038,2023-06-01,2023-06-02,1481.9369942288904,1185.5495953831123,296.3873988457781,COMPLETED,16825.79044664537,Loan payment for LOAN_1038
LOAN_TXN_1462,LOAN_1038,2023-07-03,2023-07-04,1481.9369942288904,1185.5495953831123,296.3873988457781,COMPLETED,15343.853452416479,Loan payment for LOAN_1038
LOAN_TXN_1463,LOAN_1038,2023-08-02,2023-08-03,1481.9369942288904,1185.5495953831123,296.3873988457781,COMPLETED,13861.916458187588,Loan payment for LOAN_1038
LOAN_TXN_1464,LOAN_1038,2023-08-30,2023-08-31,1481.9369942288904,1185.5495953831123,296.3873988457781,COMPLETED,12379.979463958698,Loan payment for LOAN_1038
LOAN_TXN_1465,LOAN_1038,2023-10-01,2023-10-02,1481.9369942288904,1185.5495953831123,296.3873988457781,COMPLETED,10898.042469729808,Loan payment for LOAN_1038
LOAN_TXN_1466,LOAN_1038,2023-10-28,2023-10-29,1481.9369942288904,1185.5495953831123,296.3873988457781,COMPLETED,9416.105475500917,Loan payment for LOAN_1038
LOAN_TXN_1467,LOAN_1038,2023-11-27,2023-11-28,1481.9369942288904,1185.5495953831123,296.3873988457781,COMPLETED,7934.168481272027,Loan payment for LOAN_1038
